<?xml version="1.0" encoding="UTF-8"?>
<project-private xmlns="http://www.netbeans.org/ns/project-private/1">
    <editor-bookmarks xmlns="http://www.netbeans.org/ns/editor-bookmarks/2" lastBookmarkId="0"/>
    <open-files xmlns="http://www.netbeans.org/ns/projectui-open-files/2">
        <group>
            <file>file:/E:/1%20Projects/Weather%20and%20News%20App/src/weather/and/news/app/AppFXML.fxml</file>
            <file>file:/E:/1%20Projects/Weather%20and%20News%20App/src/weather/and/news/app/AppMainFx.java</file>
            <file>file:/E:/1%20Projects/Weather%20and%20News%20App/src/weather/and/news/app/AppFXMLController.java</file>
            <file>file:/E:/1%20Projects/Weather%20and%20News%20App/src/weather/and/news/app/HttpRequest.java</file>
        </group>
    </open-files>
</project-private>
